<?xml version="1.0" encoding="UTF-8"?>

<mule xmlns:dw="http://www.mulesoft.org/schema/mule/ee/dw" xmlns:metadata="http://www.mulesoft.org/schema/mule/metadata" xmlns:http="http://www.mulesoft.org/schema/mule/http" xmlns:sfdc="http://www.mulesoft.org/schema/mule/sfdc" xmlns="http://www.mulesoft.org/schema/mule/core" xmlns:doc="http://www.mulesoft.org/schema/mule/documentation"
	xmlns:spring="http://www.springframework.org/schema/beans" 
	xmlns:xsi="http://www.w3.org/2001/XMLSchema-instance"
	xsi:schemaLocation="http://www.springframework.org/schema/beans http://www.springframework.org/schema/beans/spring-beans-current.xsd
http://www.mulesoft.org/schema/mule/core http://www.mulesoft.org/schema/mule/core/current/mule.xsd
http://www.mulesoft.org/schema/mule/http http://www.mulesoft.org/schema/mule/http/current/mule-http.xsd
http://www.mulesoft.org/schema/mule/sfdc http://www.mulesoft.org/schema/mule/sfdc/current/mule-sfdc.xsd
http://www.mulesoft.org/schema/mule/ee/dw http://www.mulesoft.org/schema/mule/ee/dw/current/dw.xsd">
	<http:listener-config name="HTTP_Listener_Configuration" host="0.0.0.0" port="8081" doc:name="HTTP Listener Configuration"/>
	<sfdc:cached-basic-config name="Salesforce__Basic_Authentication" username="rajender@wipro.com" password="razzender7" securityToken="ETYuqsPSGbKh0BonNenxKux9E" doc:name="Salesforce: Basic Authentication"/>
	<flow name="salesforceFlow">
		<http:listener config-ref="HTTP_Listener_Configuration" path="/salesforce" doc:name="HTTP"/>
		<dw:transform-message doc:name="Transform Message" metadata:id="6752e80c-833f-4226-9066-96033481979e">
			<dw:input-payload mimeType="application/json"/>
			<dw:set-payload><![CDATA[%dw 1.0
%output application/java
---
[{
	Name: payload.name,
	BillingStreet: payload.street,
	BillingCity: payload.city,
	BillingState: payload.stste
}]]]></dw:set-payload>
		</dw:transform-message>
		<sfdc:create config-ref="Salesforce__Basic_Authentication"  doc:name="Salesforce"  type="Account">
			<sfdc:objects ref="#[payload]"/>
		</sfdc:create>
	</flow>
</mule>
